Workbook

Sheet 比較
A2: 利益床と損切り猶予の追加確認
A3: 既知54場。利益が出る前の資格条件を外す4案×日中/米国前/米国後。売買核は第二巡と同一。100micro=mini10枚相当、手数料0、次正常ラージBBO約定。初回入口は固定基準の通知。
A4: 返済約定片の正額合計を利益、負額の絶対値合計を損失とする。全所有玉は場内完済。 利益返し＝正益後に最終赤字となった実玉数。場内最悪＝確定＋全実玉の含み。
A5: 手法ID | B5: 時間帯 | C5: 区分 | D5: 総利益（円） | E5: 総損失（円） | F5: 累計収支（円） | G5: 赤字場数 | H5: 平均赤字（円） | I5: 最大赤字（円） | J5: 上位3黒字場除外（円） | K5: 場内最悪収支（円） | L5: 最大下落額（円） | M5: 利益返し玉数 | N5: 正益玉数 | O5: 新規枚数（micro） | P5: 新規枚数（mini換算）
A6: NK225_D164_15 | B6: 日中 | C6: 基準・前20場固定 | D6: =日経_D164_15!B33 -> 3067600 | E6: =日経_D164_15!C33 -> 1819100 | F6: =日経_D164_15!D33 -> 1248500 | G6: =COUNTIFS(日経_D164_15!D6:D32,"<0") -> 9 | H6: =IF(G6=0,0,-SUMIFS(日経_D164_15!D6:D32,日経_D164_15!D6:D32,"<0")/G6) -> 68922.222 | I6: =MAX(0,-MIN(日経_D164_15!D6:D32)) -> 132500 | J6: =F6-MAX(0,LARGE(日経_D164_15!D6:D32,1))-MAX(0,LARGE(日経_D164_15!D6:D32,2))-MAX(0,LARGE(日経_D164_15!D6:D32,3)) -> 174200 | K6: -177600 | L6: 241200 | M6: 64 | N6: 163 | O6: =日経_D164_15!E33 -> 3934 | P6: =日経_D164_15!F33 -> 393.4
A7: NK225_D168C_01 | B7: 日中 | C7: 比較候補 | D7: =日経_D168C_01!B33 -> 551400 | E7: =日経_D168C_01!C33 -> 886500 | F7: =日経_D168C_01!D33 -> -335100 | G7: =COUNTIFS(日経_D168C_01!D6:D32,"<0") -> 11 | H7: =IF(G7=0,0,-SUMIFS(日経_D168C_01!D6:D32,日経_D168C_01!D6:D32,"<0")/G7) -> 56090.909 | I7: =MAX(0,-MIN(日経_D168C_01!D6:D32)) -> 201400 | J7: =F7-MAX(0,LARGE(日経_D168C_01!D6:D32,1))-MAX(0,LARGE(日経_D168C_01!D6:D32,2))-MAX(0,LARGE(日経_D168C_01!D6:D32,3)) -> -464100 | K7: -218700 | L7: 223900 | M7: 7 | N7: 183 | O7: =日経_D168C_01!E33 -> 3934 | P7: =日経_D168C_01!F33 -> 393.4
A8: NK225_D168C_02 | B8: 日中 | C8: 比較候補 | D8: =日経_D168C_02!B33 -> 571500 | E8: =日経_D168C_02!C33 -> 886500 | F8: =日経_D168C_02!D33 -> -315000 | G8: =COUNTIFS(日経_D168C_02!D6:D32,"<0") -> 12 | H8: =IF(G8=0,0,-SUMIFS(日経_D168C_02!D6:D32,日経_D168C_02!D6:D32,"<0")/G8) -> 52500 | I8: =MAX(0,-MIN(日経_D168C_02!D6:D32)) -> 201400 | J8: =F8-MAX(0,LARGE(日経_D168C_02!D6:D32,1))-MAX(0,LARGE(日経_D168C_02!D6:D32,2))-MAX(0,LARGE(日経_D168C_02!D6:D32,3)) -> -485200 | K8: -218700 | L8: 223900 | M8: 7 | N8: 183 | O8: =日経_D168C_02!E33 -> 3934 | P8: =日経_D168C_02!F33 -> 393.4
A9: NK225_D168C_03 | B9: 日中 | C9: 比較候補 | D9: =日経_D168C_03!B33 -> 625600 | E9: =日経_D168C_03!C33 -> 886500 | F9: =日経_D168C_03!D33 -> -260900 | G9: =COUNTIFS(日経_D168C_03!D6:D32,"<0") -> 11 | H9: =IF(G9=0,0,-SUMIFS(日経_D168C_03!D6:D32,日経_D168C_03!D6:D32,"<0")/G9) -> 51245.455 | I9: =MAX(0,-MIN(日経_D168C_03!D6:D32)) -> 189600 | J9: =F9-MAX(0,LARGE(日経_D168C_03!D6:D32,1))-MAX(0,LARGE(日経_D168C_03!D6:D32,2))-MAX(0,LARGE(日経_D168C_03!D6:D32,3)) -> -383100 | K9: -212200 | L9: 217400 | M9: 7 | N9: 183 | O9: =日経_D168C_03!E33 -> 3934 | P9: =日経_D168C_03!F33 -> 393.4
A10: NK225_D168C_04 | B10: 日中 | C10: 比較候補 | D10: =日経_D168C_04!B33 -> 460400 | E10: =日経_D168C_04!C33 -> 835100 | F10: =日経_D168C_04!D33 -> -374700 | G10: =COUNTIFS(日経_D168C_04!D6:D32,"<0") -> 16 | H10: =IF(G10=0,0,-SUMIFS(日経_D168C_04!D6:D32,日経_D168C_04!D6:D32,"<0")/G10) -> 36275 | I10: =MAX(0,-MIN(日経_D168C_04!D6:D32)) -> 137800 | J10: =F10-MAX(0,LARGE(日経_D168C_04!D6:D32,1))-MAX(0,LARGE(日経_D168C_04!D6:D32,2))-MAX(0,LARGE(日経_D168C_04!D6:D32,3)) -> -469400 | K10: -137800 | L10: 152600 | M10: 8 | N10: 172 | O10: =日経_D168C_04!E33 -> 3934 | P10: =日経_D168C_04!F33 -> 393.4
A11: NK225_P164_06 | B11: 米国前 | C11: 基準 | D11: =日経_P164_06!B33 -> 427000 | E11: =日経_P164_06!C33 -> 35000 | F11: =日経_P164_06!D33 -> 392000 | G11: =COUNTIFS(日経_P164_06!D6:D32,"<0") -> 1 | H11: =IF(G11=0,0,-SUMIFS(日経_P164_06!D6:D32,日経_P164_06!D6:D32,"<0")/G11) -> 20000 | I11: =MAX(0,-MIN(日経_P164_06!D6:D32)) -> 20000 | J11: =F11-MAX(0,LARGE(日経_P164_06!D6:D32,1))-MAX(0,LARGE(日経_P164_06!D6:D32,2))-MAX(0,LARGE(日経_P164_06!D6:D32,3)) -> 225000 | K11: -120000 | L11: 120000 | M11: 2 | N11: 38 | O11: =日経_P164_06!E33 -> 1380 | P11: =日経_P164_06!F33 -> 138
A12: NK225_P168C_01 | B12: 米国前 | C12: 比較候補 | D12: =日経_P168C_01!B33 -> 200000 | E12: =日経_P168C_01!C33 -> 167000 | F12: =日経_P168C_01!D33 -> 33000 | G12: =COUNTIFS(日経_P168C_01!D6:D32,"<0") -> 3 | H12: =IF(G12=0,0,-SUMIFS(日経_P168C_01!D6:D32,日経_P168C_01!D6:D32,"<0")/G12) -> 48000 | I12: =MAX(0,-MIN(日経_P168C_01!D6:D32)) -> 120000 | J12: =F12-MAX(0,LARGE(日経_P168C_01!D6:D32,1))-MAX(0,LARGE(日経_P168C_01!D6:D32,2))-MAX(0,LARGE(日経_P168C_01!D6:D32,3)) -> -53000 | K12: -120000 | L12: 120000 | M12: 0 | N12: 37 | O12: =日経_P168C_01!E33 -> 1380 | P12: =日経_P168C_01!F33 -> 138
A13: NK225_P168C_02 | B13: 米国前 | C13: 比較候補 | D13: =日経_P168C_02!B33 -> 200000 | E13: =日経_P168C_02!C33 -> 167000 | F13: =日経_P168C_02!D33 -> 33000 | G13: =COUNTIFS(日経_P168C_02!D6:D32,"<0") -> 3 | H13: =IF(G13=0,0,-SUMIFS(日経_P168C_02!D6:D32,日経_P168C_02!D6:D32,"<0")/G13) -> 48000 | I13: =MAX(0,-MIN(日経_P168C_02!D6:D32)) -> 120000 | J13: =F13-MAX(0,LARGE(日経_P168C_02!D6:D32,1))-MAX(0,LARGE(日経_P168C_02!D6:D32,2))-MAX(0,LARGE(日経_P168C_02!D6:D32,3)) -> -53000 | K13: -120000 | L13: 120000 | M13: 0 | N13: 37 | O13: =日経_P168C_02!E33 -> 1380 | P13: =日経_P168C_02!F33 -> 138
A14: NK225_P168C_03 | B14: 米国前 | C14: 前20場で固定 | D14: =日経_P168C_03!B33 -> 224000 | E14: =日経_P168C_03!C33 -> 167000 | F14: =日経_P168C_03!D33 -> 57000 | G14: =COUNTIFS(日経_P168C_03!D6:D32,"<0") -> 3 | H14: =IF(G14=0,0,-SUMIFS(日経_P168C_03!D6:D32,日経_P168C_03!D6:D32,"<0")/G14) -> 47200 | I14: =MAX(0,-MIN(日経_P168C_03!D6:D32)) -> 120000 | J14: =F14-MAX(0,LARGE(日経_P168C_03!D6:D32,1))-MAX(0,LARGE(日経_P168C_03!D6:D32,2))-MAX(0,LARGE(日経_P168C_03!D6:D32,3)) -> -25800 | K14: -120000 | L14: 120000 | M14: 0 | N14: 37 | O14: =日経_P168C_03!E33 -> 1380 | P14: =日経_P168C_03!F33 -> 138
A15: NK225_P168C_04 | B15: 米国前 | C15: 比較候補 | D15: =日経_P168C_04!B33 -> 175000 | E15: =日経_P168C_04!C33 -> 198000 | F15: =日経_P168C_04!D33 -> -23000 | G15: =COUNTIFS(日経_P168C_04!D6:D32,"<0") -> 4 | H15: =IF(G15=0,0,-SUMIFS(日経_P168C_04!D6:D32,日経_P168C_04!D6:D32,"<0")/G15) -> 39000 | I15: =MAX(0,-MIN(日経_P168C_04!D6:D32)) -> 60000 | J15: =F15-MAX(0,LARGE(日経_P168C_04!D6:D32,1))-MAX(0,LARGE(日経_P168C_04!D6:D32,2))-MAX(0,LARGE(日経_P168C_04!D6:D32,3)) -> -89000 | K15: -85000 | L15: 95000 | M15: 1 | N15: 36 | O15: =日経_P168C_04!E33 -> 1380 | P15: =日経_P168C_04!F33 -> 138
A16: NK225_U165_03 | B16: 米国後 | C16: 基準 | D16: =日経_U165_03!B33 -> 2280000 | E16: =日経_U165_03!C33 -> 1099000 | F16: =日経_U165_03!D33 -> 1181000 | G16: =COUNTIFS(日経_U165_03!D6:D32,"<0") -> 8 | H16: =IF(G16=0,0,-SUMIFS(日経_U165_03!D6:D32,日経_U165_03!D6:D32,"<0")/G16) -> 31375 | I16: =MAX(0,-MIN(日経_U165_03!D6:D32)) -> 53000 | J16: =F16-MAX(0,LARGE(日経_U165_03!D6:D32,1))-MAX(0,LARGE(日経_U165_03!D6:D32,2))-MAX(0,LARGE(日経_U165_03!D6:D32,3)) -> 459000 | K16: -88000 | L16: 162000 | M16: 45 | N16: 127 | O16: =日経_U165_03!E33 -> 2810 | P16: =日経_U165_03!F33 -> 281
A17: NK225_U168C_01 | B17: 米国後 | C17: 比較候補 | D17: =日経_U168C_01!B33 -> 514000 | E17: =日経_U168C_01!C33 -> 292000 | F17: =日経_U168C_01!D33 -> 222000 | G17: =COUNTIFS(日経_U168C_01!D6:D32,"<0") -> 6 | H17: =IF(G17=0,0,-SUMIFS(日経_U168C_01!D6:D32,日経_U168C_01!D6:D32,"<0")/G17) -> 23500 | I17: =MAX(0,-MIN(日経_U168C_01!D6:D32)) -> 69000 | J17: =F17-MAX(0,LARGE(日経_U168C_01!D6:D32,1))-MAX(0,LARGE(日経_U168C_01!D6:D32,2))-MAX(0,LARGE(日経_U168C_01!D6:D32,3)) -> 70000 | K17: -92000 | L17: 92000 | M17: 1 | N17: 135 | O17: =日経_U168C_01!E33 -> 2810 | P17: =日経_U168C_01!F33 -> 281
A18: NK225_U168C_02 | B18: 米国後 | C18: 比較候補 | D18: =日経_U168C_02!B33 -> 491000 | E18: =日経_U168C_02!C33 -> 292000 | F18: =日経_U168C_02!D33 -> 199000 | G18: =COUNTIFS(日経_U168C_02!D6:D32,"<0") -> 7 | H18: =IF(G18=0,0,-SUMIFS(日経_U168C_02!D6:D32,日経_U168C_02!D6:D32,"<0")/G18) -> 25571.429 | I18: =MAX(0,-MIN(日経_U168C_02!D6:D32)) -> 69000 | J18: =F18-MAX(0,LARGE(日経_U168C_02!D6:D32,1))-MAX(0,LARGE(日経_U168C_02!D6:D32,2))-MAX(0,LARGE(日経_U168C_02!D6:D32,3)) -> 49000 | K18: -92000 | L18: 92000 | M18: 1 | N18: 135 | O18: =日経_U168C_02!E33 -> 2810 | P18: =日経_U168C_02!F33 -> 281
A19: NK225_U168C_03 | B19: 米国後 | C19: 比較候補 | D19: =日経_U168C_03!B33 -> 510000 | E19: =日経_U168C_03!C33 -> 292000 | F19: =日経_U168C_03!D33 -> 218000 | G19: =COUNTIFS(日経_U168C_03!D6:D32,"<0") -> 7 | H19: =IF(G19=0,0,-SUMIFS(日経_U168C_03!D6:D32,日経_U168C_03!D6:D32,"<0")/G19) -> 21171.429 | I19: =MAX(0,-MIN(日経_U168C_03!D6:D32)) -> 66600 | J19: =F19-MAX(0,LARGE(日経_U168C_03!D6:D32,1))-MAX(0,LARGE(日経_U168C_03!D6:D32,2))-MAX(0,LARGE(日経_U168C_03!D6:D32,3)) -> 81200 | K19: -90400 | L19: 90400 | M19: 1 | N19: 135 | O19: =日経_U168C_03!E33 -> 2810 | P19: =日経_U168C_03!F33 -> 281
A20: NK225_U168C_04 | B20: 米国後 | C20: 前20場で固定 | D20: =日経_U168C_04!B33 -> 495000 | E20: =日経_U168C_04!C33 -> 342000 | F20: =日経_U168C_04!D33 -> 153000 | G20: =COUNTIFS(日経_U168C_04!D6:D32,"<0") -> 5 | H20: =IF(G20=0,0,-SUMIFS(日経_U168C_04!D6:D32,日経_U168C_04!D6:D32,"<0")/G20) -> 23400 | I20: =MAX(0,-MIN(日経_U168C_04!D6:D32)) -> 45000 | J20: =F20-MAX(0,LARGE(日経_U168C_04!D6:D32,1))-MAX(0,LARGE(日経_U168C_04!D6:D32,2))-MAX(0,LARGE(日経_U168C_04!D6:D32,3)) -> 44000 | K20: -59000 | L20: 80000 | M20: 3 | N20: 125 | O20: =日経_U168C_04!E33 -> 2810 | P20: =日経_U168C_04!F33 -> 281

Sheet 日経_D164_15
A2: NK225_D164_15 日中の損益
A3: 現行の保存済み通知を同じ次正常板で再現する比較元
A4: 損失は正額。新規枚数は延べ約定枚数。mini換算はmicro÷10で、実miniの整数発注結果ではありません。
A5: セッション | B5: 利益（円） | C5: 損失（円） | D5: 収支（円） | E5: 新規枚数（micro） | F5: 新規枚数（mini換算）
A6: 2026-09-21_Day | B6: 7200 | C6: 0 | D6: =B6-C6 -> 7200 | E6: 20 | F6: =E6/10 -> 2
A7: 2026-09-22_Day | B7: 0 | C7: 14000 | D7: =B7-C7 -> -14000 | E7: 20 | F7: =E7/10 -> 2
A8: 2026-09-23_Day | B8: 10000 | C8: 0 | D8: =B8-C8 -> 10000 | E8: 10 | F8: =E8/10 -> 1
A9: 2026-09-24_Day | B9: 155500 | C9: 28500 | D9: =B9-C9 -> 127000 | E9: 175 | F9: =E9/10 -> 17.5
A10: 2026-09-25_Day | B10: 149400 | C10: 8000 | D10: =B10-C10 -> 141400 | E10: 123 | F10: =E10/10 -> 12.3
A11: 2026-09-28_Day | B11: 90600 | C11: 54500 | D11: =B11-C11 -> 36100 | E11: 135 | F11: =E11/10 -> 13.5
A12: 2026-09-29_Day | B12: 101200 | C12: 191800 | D12: =B12-C12 -> -90600 | E12: 251 | F12: =E12/10 -> 25.1
A13: 2026-09-30_Day | B13: 46900 | C13: 12500 | D13: =B13-C13 -> 34400 | E13: 51 | F13: =E13/10 -> 5.1
A14: 2026-10-01_Day | B14: 56000 | C14: 140800 | D14: =B14-C14 -> -84800 | E14: 169 | F14: =E14/10 -> 16.9
A15: 2026-10-02_Day | B15: 14400 | C15: 47600 | D15: =B15-C15 -> -33200 | E15: 88 | F15: =E15/10 -> 8.8
A16: 2026-10-05_Day | B16: 70500 | C16: 58900 | D16: =B16-C16 -> 11600 | E16: 153 | F16: =E16/10 -> 15.3
A17: 2026-10-06_Day | B17: 44900 | C17: 177400 | D17: =B17-C17 -> -132500 | E17: 186 | F17: =E17/10 -> 18.6
... A32: 2026-10-27_Day | B32: 91800 | C32: 174100 | D32: =B32-C32 -> -82300 | E32: 267 | F32: =E32/10 -> 26.7
A33: 合計 | B33: =SUM(B6:B32) -> 3067600 | C33: =SUM(C6:C32) -> 1819100 | D33: =B33-C33 -> 1248500 | E33: =SUM(E6:E32) -> 3934 | F33: =E33/10 -> 393.4

Sheet 日経_D168C_01
A2: NK225_D168C_01 日中の損益
A3: 全玉20円から10円利益床・赤字返済240円猶予
A4: 損失は正額。新規枚数は延べ約定枚数。mini換算はmicro÷10で、実miniの整数発注結果ではありません。
A5: セッション | B5: 利益（円） | C5: 損失（円） | D5: 収支（円） | E5: 新規枚数（micro） | F5: 新規枚数（mini換算）
A6: 2026-09-21_Day | B6: 2000 | C6: 0 | D6: =B6-C6 -> 2000 | E6: 20 | F6: =E6/10 -> 2
A7: 2026-09-22_Day | B7: 1000 | C7: 6000 | D7: =B7-C7 -> -5000 | E7: 20 | F7: =E7/10 -> 2
A8: 2026-09-23_Day | B8: 1000 | C8: 0 | D8: =B8-C8 -> 1000 | E8: 10 | F8: =E8/10 -> 1
A9: 2026-09-24_Day | B9: 17500 | C9: 0 | D9: =B9-C9 -> 17500 | E9: 175 | F9: =E9/10 -> 17.5
A10: 2026-09-25_Day | B10: 33100 | C10: 0 | D10: =B10-C10 -> 33100 | E10: 123 | F10: =E10/10 -> 12.3
A11: 2026-09-28_Day | B11: 9700 | C11: 102200 | D11: =B11-C11 -> -92500 | E11: 135 | F11: =E11/10 -> 13.5
A12: 2026-09-29_Day | B12: 17000 | C12: 218400 | D12: =B12-C12 -> -201400 | E12: 251 | F12: =E12/10 -> 25.1
A13: 2026-09-30_Day | B13: 6700 | C13: 0 | D13: =B13-C13 -> 6700 | E13: 51 | F13: =E13/10 -> 5.1
A14: 2026-10-01_Day | B14: 14900 | C14: 48000 | D14: =B14-C14 -> -33100 | E14: 169 | F14: =E14/10 -> 16.9
A15: 2026-10-02_Day | B15: 11800 | C15: 0 | D15: =B15-C15 -> 11800 | E15: 88 | F15: =E15/10 -> 8.8
A16: 2026-10-05_Day | B16: 15300 | C16: 0 | D16: =B16-C16 -> 15300 | E16: 153 | F16: =E16/10 -> 15.3
A17: 2026-10-06_Day | B17: 19100 | C17: 24000 | D17: =B17-C17 -> -4900 | E17: 186 | F17: =E17/10 -> 18.6
... A32: 2026-10-27_Day | B32: 30000 | C32: 64800 | D32: =B32-C32 -> -34800 | E32: 267 | F32: =E32/10 -> 26.7
A33: 合計 | B33: =SUM(B6:B32) -> 551400 | C33: =SUM(C6:C32) -> 886500 | D33: =B33-C33 -> -335100 | E33: =SUM(E6:E32) -> 3934 | F33: =E33/10 -> 393.4

Sheet 日経_D168C_02
A2: NK225_D168C_02 日中の損益
A3: 全玉20円から利益50%床・赤字返済240円猶予
A4: 損失は正額。新規枚数は延べ約定枚数。mini換算はmicro÷10で、実miniの整数発注結果ではありません。
A5: セッション | B5: 利益（円） | C5: 損失（円） | D5: 収支（円） | E5: 新規枚数（micro） | F5: 新規枚数（mini換算）
A6: 2026-09-21_Day | B6: 2000 | C6: 0 | D6: =B6-C6 -> 2000 | E6: 20 | F6: =E6/10 -> 2
A7: 2026-09-22_Day | B7: 1000 | C7: 6000 | D7: =B7-C7 -> -5000 | E7: 20 | F7: =E7/10 -> 2
A8: 2026-09-23_Day | B8: 1000 | C8: 0 | D8: =B8-C8 -> 1000 | E8: 10 | F8: =E8/10 -> 1
A9: 2026-09-24_Day | B9: 17500 | C9: 0 | D9: =B9-C9 -> 17500 | E9: 175 | F9: =E9/10 -> 17.5
A10: 2026-09-25_Day | B10: 24600 | C10: 0 | D10: =B10-C10 -> 24600 | E10: 123 | F10: =E10/10 -> 12.3
A11: 2026-09-28_Day | B11: 10700 | C11: 102200 | D11: =B11-C11 -> -91500 | E11: 135 | F11: =E11/10 -> 13.5
A12: 2026-09-29_Day | B12: 17000 | C12: 218400 | D12: =B12-C12 -> -201400 | E12: 251 | F12: =E12/10 -> 25.1
A13: 2026-09-30_Day | B13: 6700 | C13: 0 | D13: =B13-C13 -> 6700 | E13: 51 | F13: =E13/10 -> 5.1
A14: 2026-10-01_Day | B14: 14900 | C14: 48000 | D14: =B14-C14 -> -33100 | E14: 169 | F14: =E14/10 -> 16.9
A15: 2026-10-02_Day | B15: 13400 | C15: 0 | D15: =B15-C15 -> 13400 | E15: 88 | F15: =E15/10 -> 8.8
A16: 2026-10-05_Day | B16: 17400 | C16: 0 | D16: =B16-C16 -> 17400 | E16: 153 | F16: =E16/10 -> 15.3
A17: 2026-10-06_Day | B17: 19100 | C17: 24000 | D17: =B17-C17 -> -4900 | E17: 186 | F17: =E17/10 -> 18.6
... A32: 2026-10-27_Day | B32: 31500 | C32: 64800 | D32: =B32-C32 -> -33300 | E32: 267 | F32: =E32/10 -> 26.7
A33: 合計 | B33: =SUM(B6:B32) -> 571500 | C33: =SUM(C6:C32) -> 886500 | D33: =B33-C33 -> -315000 | E33: =SUM(E6:E32) -> 3934 | F33: =E33/10 -> 393.4

Sheet 日経_D168C_03
A2: NK225_D168C_03 日中の損益
A3: 全玉8割20円回収・残り10円床・赤字240円猶予
A4: 損失は正額。新規枚数は延べ約定枚数。mini換算はmicro÷10で、実miniの整数発注結果ではありません。
A5: セッション | B5: 利益（円） | C5: 損失（円） | D5: 収支（円） | E5: 新規枚数（micro） | F5: 新規枚数（mini換算）
A6: 2026-09-21_Day | B6: 2800 | C6: 0 | D6: =B6-C6 -> 2800 | E6: 20 | F6: =E6/10 -> 2
A7: 2026-09-22_Day | B7: 1800 | C7: 6000 | D7: =B7-C7 -> -4200 | E7: 20 | F7: =E7/10 -> 2
A8: 2026-09-23_Day | B8: 1800 | C8: 0 | D8: =B8-C8 -> 1800 | E8: 10 | F8: =E8/10 -> 1
A9: 2026-09-24_Day | B9: 30700 | C9: 0 | D9: =B9-C9 -> 30700 | E9: 175 | F9: =E9/10 -> 17.5
A10: 2026-09-25_Day | B10: 26300 | C10: 0 | D10: =B10-C10 -> 26300 | E10: 123 | F10: =E10/10 -> 12.3
A11: 2026-09-28_Day | B11: 16200 | C11: 102200 | D11: =B11-C11 -> -86000 | E11: 135 | F11: =E11/10 -> 13.5
A12: 2026-09-29_Day | B12: 28800 | C12: 218400 | D12: =B12-C12 -> -189600 | E12: 251 | F12: =E12/10 -> 25.1
A13: 2026-09-30_Day | B13: 8700 | C13: 0 | D13: =B13-C13 -> 8700 | E13: 51 | F13: =E13/10 -> 5.1
A14: 2026-10-01_Day | B14: 25900 | C14: 48000 | D14: =B14-C14 -> -22100 | E14: 169 | F14: =E14/10 -> 16.9
A15: 2026-10-02_Day | B15: 15500 | C15: 0 | D15: =B15-C15 -> 15500 | E15: 88 | F15: =E15/10 -> 8.8
A16: 2026-10-05_Day | B16: 26100 | C16: 0 | D16: =B16-C16 -> 26100 | E16: 153 | F16: =E16/10 -> 15.3
A17: 2026-10-06_Day | B17: 32500 | C17: 24000 | D17: =B17-C17 -> 8500 | E17: 186 | F17: =E17/10 -> 18.6
... A32: 2026-10-27_Day | B32: 36800 | C32: 64800 | D32: =B32-C32 -> -28000 | E32: 267 | F32: =E32/10 -> 26.7
A33: 合計 | B33: =SUM(B6:B32) -> 625600 | C33: =SUM(C6:C32) -> 886500 | D33: =B33-C33 -> -260900 | E33: =SUM(E6:E32) -> 3934 | F33: =E33/10 -> 393.4

Sheet 日経_D168C_04
A2: NK225_D168C_04 日中の損益
A3: 全玉20円から10円利益床・赤字返済120円猶予
A4: 損失は正額。新規枚数は延べ約定枚数。mini換算はmicro÷10で、実miniの整数発注結果ではありません。
A5: セッション | B5: 利益（円） | C5: 損失（円） | D5: 収支（円） | E5: 新規枚数（micro） | F5: 新規枚数（mini換算）
A6: 2026-09-21_Day | B6: 1000 | C6: 12000 | D6: =B6-C6 -> -11000 | E6: 20 | F6: =E6/10 -> 2
A7: 2026-09-22_Day | B7: 1000 | C7: 6000 | D7: =B7-C7 -> -5000 | E7: 20 | F7: =E7/10 -> 2
A8: 2026-09-23_Day | B8: 1000 | C8: 0 | D8: =B8-C8 -> 1000 | E8: 10 | F8: =E8/10 -> 1
A9: 2026-09-24_Day | B9: 17500 | C9: 0 | D9: =B9-C9 -> 17500 | E9: 175 | F9: =E9/10 -> 17.5
A10: 2026-09-25_Day | B10: 33100 | C10: 0 | D10: =B10-C10 -> 33100 | E10: 123 | F10: =E10/10 -> 12.3
A11: 2026-09-28_Day | B11: 9700 | C11: 49300 | D11: =B11-C11 -> -39600 | E11: 135 | F11: =E11/10 -> 13.5
A12: 2026-09-29_Day | B12: 17000 | C12: 109200 | D12: =B12-C12 -> -92200 | E12: 251 | F12: =E12/10 -> 25.1
A13: 2026-09-30_Day | B13: 6700 | C13: 0 | D13: =B13-C13 -> 6700 | E13: 51 | F13: =E13/10 -> 5.1
A14: 2026-10-01_Day | B14: 14900 | C14: 24000 | D14: =B14-C14 -> -9100 | E14: 169 | F14: =E14/10 -> 16.9
A15: 2026-10-02_Day | B15: 10600 | C15: 14400 | D15: =B15-C15 -> -3800 | E15: 88 | F15: =E15/10 -> 8.8
A16: 2026-10-05_Day | B16: 15300 | C16: 0 | D16: =B16-C16 -> 15300 | E16: 153 | F16: =E16/10 -> 15.3
A17: 2026-10-06_Day | B17: 19100 | C17: 12000 | D17: =B17-C17 -> 7100 | E17: 186 | F17: =E17/10 -> 18.6
... A32: 2026-10-27_Day | B32: 29400 | C32: 39600 | D32: =B32-C32 -> -10200 | E32: 267 | F32: =E32/10 -> 26.7
A33: 合計 | B33: =SUM(B6:B32) -> 460400 | C33: =SUM(C6:C32) -> 835100 | D33: =B33-C33 -> -374700 | E33: =SUM(E6:E32) -> 3934 | F33: =E33/10 -> 393.4

Sheet 日経_P164_06
A2: NK225_P164_06 米国前の損益
A3: 現行の保存済み通知を同じ次正常板で再現する比較元
A4: 損失は正額。新規枚数は延べ約定枚数。mini換算はmicro÷10で、実miniの整数発注結果ではありません。
A5: セッション | B5: 利益（円） | C5: 損失（円） | D5: 収支（円） | E5: 新規枚数（micro） | F5: 新規枚数（mini換算）
A6: 2026-09-21_Night | B6: 0 | C6: 0 | D6: =B6-C6 -> 0 | E6: 0 | F6: =E6/10 -> 0
A7: 2026-09-22_Night | B7: 15000 | C7: 0 | D7: =B7-C7 -> 15000 | E7: 50 | F7: =E7/10 -> 5
A8: 2026-09-23_Night | B8: 0 | C8: 0 | D8: =B8-C8 -> 0 | E8: 0 | F8: =E8/10 -> 0
A9: 2026-09-24_Night | B9: 30000 | C9: 0 | D9: =B9-C9 -> 30000 | E9: 100 | F9: =E9/10 -> 10
A10: 2026-09-25_Night | B10: 0 | C10: 0 | D10: =B10-C10 -> 0 | E10: 0 | F10: =E10/10 -> 0
A11: 2026-09-28_Night | B11: 0 | C11: 0 | D11: =B11-C11 -> 0 | E11: 10 | F11: =E11/10 -> 1
A12: 2026-09-29_Night | B12: 0 | C12: 0 | D12: =B12-C12 -> 0 | E12: 0 | F12: =E12/10 -> 0
A13: 2026-09-30_Night | B13: 60000 | C13: 0 | D13: =B13-C13 -> 60000 | E13: 150 | F13: =E13/10 -> 15
A14: 2026-10-01_Night | B14: 55000 | C14: 5000 | D14: =B14-C14 -> 50000 | E14: 220 | F14: =E14/10 -> 22
A15: 2026-10-02_Night | B15: 0 | C15: 0 | D15: =B15-C15 -> 0 | E15: 0 | F15: =E15/10 -> 0
A16: 2026-10-05_Night | B16: 15000 | C16: 0 | D16: =B16-C16 -> 15000 | E16: 50 | F16: =E16/10 -> 5
A17: 2026-10-06_Night | B17: 0 | C17: 0 | D17: =B17-C17 -> 0 | E17: 0 | F17: =E17/10 -> 0
... A32: 2026-10-27_Night | B32: 15000 | C32: 0 | D32: =B32-C32 -> 15000 | E32: 50 | F32: =E32/10 -> 5
A33: 合計 | B33: =SUM(B6:B32) -> 427000 | C33: =SUM(C6:C32) -> 35000 | D33: =B33-C33 -> 392000 | E33: =SUM(E6:E32) -> 1380 | F33: =E33/10 -> 138

Sheet 日経_P168C_01
A2: NK225_P168C_01 米国前の損益
A3: 全玉20円から10円利益床・赤字返済240円猶予
A4: 損失は正額。新規枚数は延べ約定枚数。mini換算はmicro÷10で、実miniの整数発注結果ではありません。
A5: セッション | B5: 利益（円） | C5: 損失（円） | D5: 収支（円） | E5: 新規枚数（micro） | F5: 新規枚数（mini換算）
A6: 2026-09-21_Night | B6: 0 | C6: 0 | D6: =B6-C6 -> 0 | E6: 0 | F6: =E6/10 -> 0
A7: 2026-09-22_Night | B7: 5000 | C7: 0 | D7: =B7-C7 -> 5000 | E7: 50 | F7: =E7/10 -> 5
A8: 2026-09-23_Night | B8: 0 | C8: 0 | D8: =B8-C8 -> 0 | E8: 0 | F8: =E8/10 -> 0
A9: 2026-09-24_Night | B9: 10000 | C9: 0 | D9: =B9-C9 -> 10000 | E9: 100 | F9: =E9/10 -> 10
A10: 2026-09-25_Night | B10: 0 | C10: 0 | D10: =B10-C10 -> 0 | E10: 0 | F10: =E10/10 -> 0
A11: 2026-09-28_Night | B11: 0 | C11: 0 | D11: =B11-C11 -> 0 | E11: 10 | F11: =E11/10 -> 1
A12: 2026-09-29_Night | B12: 0 | C12: 0 | D12: =B12-C12 -> 0 | E12: 0 | F12: =E12/10 -> 0
A13: 2026-09-30_Night | B13: 35000 | C13: 0 | D13: =B13-C13 -> 35000 | E13: 150 | F13: =E13/10 -> 15
A14: 2026-10-01_Night | B14: 34000 | C14: 0 | D14: =B14-C14 -> 34000 | E14: 220 | F14: =E14/10 -> 22
A15: 2026-10-02_Night | B15: 0 | C15: 0 | D15: =B15-C15 -> 0 | E15: 0 | F15: =E15/10 -> 0
A16: 2026-10-05_Night | B16: 15000 | C16: 0 | D16: =B16-C16 -> 15000 | E16: 50 | F16: =E16/10 -> 5
A17: 2026-10-06_Night | B17: 0 | C17: 0 | D17: =B17-C17 -> 0 | E17: 0 | F17: =E17/10 -> 0
... A32: 2026-10-27_Night | B32: 0 | C32: 120000 | D32: =B32-C32 -> -120000 | E32: 50 | F32: =E32/10 -> 5
A33: 合計 | B33: =SUM(B6:B32) -> 200000 | C33: =SUM(C6:C32) -> 167000 | D33: =B33-C33 -> 33000 | E33: =SUM(E6:E32) -> 1380 | F33: =E33/10 -> 138

Sheet 日経_P168C_02
A2: NK225_P168C_02 米国前の損益
A3: 全玉20円から利益50%床・赤字返済240円猶予
A4: 損失は正額。新規枚数は延べ約定枚数。mini換算はmicro÷10で、実miniの整数発注結果ではありません。
A5: セッション | B5: 利益（円） | C5: 損失（円） | D5: 収支（円） | E5: 新規枚数（micro） | F5: 新規枚数（mini換算）
A6: 2026-09-21_Night | B6: 0 | C6: 0 | D6: =B6-C6 -> 0 | E6: 0 | F6: =E6/10 -> 0
A7: 2026-09-22_Night | B7: 5000 | C7: 0 | D7: =B7-C7 -> 5000 | E7: 50 | F7: =E7/10 -> 5
A8: 2026-09-23_Night | B8: 0 | C8: 0 | D8: =B8-C8 -> 0 | E8: 0 | F8: =E8/10 -> 0
A9: 2026-09-24_Night | B9: 10000 | C9: 0 | D9: =B9-C9 -> 10000 | E9: 100 | F9: =E9/10 -> 10
A10: 2026-09-25_Night | B10: 0 | C10: 0 | D10: =B10-C10 -> 0 | E10: 0 | F10: =E10/10 -> 0
A11: 2026-09-28_Night | B11: 0 | C11: 0 | D11: =B11-C11 -> 0 | E11: 10 | F11: =E11/10 -> 1
A12: 2026-09-29_Night | B12: 0 | C12: 0 | D12: =B12-C12 -> 0 | E12: 0 | F12: =E12/10 -> 0
A13: 2026-09-30_Night | B13: 35000 | C13: 0 | D13: =B13-C13 -> 35000 | E13: 150 | F13: =E13/10 -> 15
A14: 2026-10-01_Night | B14: 34000 | C14: 0 | D14: =B14-C14 -> 34000 | E14: 220 | F14: =E14/10 -> 22
A15: 2026-10-02_Night | B15: 0 | C15: 0 | D15: =B15-C15 -> 0 | E15: 0 | F15: =E15/10 -> 0
A16: 2026-10-05_Night | B16: 15000 | C16: 0 | D16: =B16-C16 -> 15000 | E16: 50 | F16: =E16/10 -> 5
A17: 2026-10-06_Night | B17: 0 | C17: 0 | D17: =B17-C17 -> 0 | E17: 0 | F17: =E17/10 -> 0
... A32: 2026-10-27_Night | B32: 0 | C32: 120000 | D32: =B32-C32 -> -120000 | E32: 50 | F32: =E32/10 -> 5
A33: 合計 | B33: =SUM(B6:B32) -> 200000 | C33: =SUM(C6:C32) -> 167000 | D33: =B33-C33 -> 33000 | E33: =SUM(E6:E32) -> 1380 | F33: =E33/10 -> 138

Sheet 日経_P168C_03
A2: NK225_P168C_03 米国前の損益
A3: 全玉8割20円回収・残り10円床・赤字240円猶予
A4: 損失は正額。新規枚数は延べ約定枚数。mini換算はmicro÷10で、実miniの整数発注結果ではありません。
A5: セッション | B5: 利益（円） | C5: 損失（円） | D5: 収支（円） | E5: 新規枚数（micro） | F5: 新規枚数（mini換算）
A6: 2026-09-21_Night | B6: 0 | C6: 0 | D6: =B6-C6 -> 0 | E6: 0 | F6: =E6/10 -> 0
A7: 2026-09-22_Night | B7: 9000 | C7: 0 | D7: =B7-C7 -> 9000 | E7: 50 | F7: =E7/10 -> 5
A8: 2026-09-23_Night | B8: 0 | C8: 0 | D8: =B8-C8 -> 0 | E8: 0 | F8: =E8/10 -> 0
A9: 2026-09-24_Night | B9: 14000 | C9: 0 | D9: =B9-C9 -> 14000 | E9: 100 | F9: =E9/10 -> 10
A10: 2026-09-25_Night | B10: 0 | C10: 0 | D10: =B10-C10 -> 0 | E10: 0 | F10: =E10/10 -> 0
A11: 2026-09-28_Night | B11: 0 | C11: 0 | D11: =B11-C11 -> 0 | E11: 10 | F11: =E11/10 -> 1
A12: 2026-09-29_Night | B12: 0 | C12: 0 | D12: =B12-C12 -> 0 | E12: 0 | F12: =E12/10 -> 0
A13: 2026-09-30_Night | B13: 23000 | C13: 0 | D13: =B13-C13 -> 23000 | E13: 150 | F13: =E13/10 -> 15
A14: 2026-10-01_Night | B14: 37200 | C14: 0 | D14: =B14-C14 -> 37200 | E14: 220 | F14: =E14/10 -> 22
A15: 2026-10-02_Night | B15: 0 | C15: 0 | D15: =B15-C15 -> 0 | E15: 0 | F15: =E15/10 -> 0
A16: 2026-10-05_Night | B16: 11000 | C16: 0 | D16: =B16-C16 -> 11000 | E16: 50 | F16: =E16/10 -> 5
A17: 2026-10-06_Night | B17: 0 | C17: 0 | D17: =B17-C17 -> 0 | E17: 0 | F17: =E17/10 -> 0
... A32: 2026-10-27_Night | B32: 0 | C32: 120000 | D32: =B32-C32 -> -120000 | E32: 50 | F32: =E32/10 -> 5
A33: 合計 | B33: =SUM(B6:B32) -> 224000 | C33: =SUM(C6:C32) -> 167000 | D33: =B33-C33 -> 57000 | E33: =SUM(E6:E32) -> 1380 | F33: =E33/10 -> 138

Sheet 日経_P168C_04
A2: NK225_P168C_04 米国前の損益
A3: 全玉20円から10円利益床・赤字返済120円猶予
A4: 損失は正額。新規枚数は延べ約定枚数。mini換算はmicro÷10で、実miniの整数発注結果ではありません。
A5: セッション | B5: 利益（円） | C5: 損失（円） | D5: 収支（円） | E5: 新規枚数（micro） | F5: 新規枚数（mini換算）
A6: 2026-09-21_Night | B6: 0 | C6: 0 | D6: =B6-C6 -> 0 | E6: 0 | F6: =E6/10 -> 0
A7: 2026-09-22_Night | B7: 5000 | C7: 0 | D7: =B7-C7 -> 5000 | E7: 50 | F7: =E7/10 -> 5
A8: 2026-09-23_Night | B8: 0 | C8: 0 | D8: =B8-C8 -> 0 | E8: 0 | F8: =E8/10 -> 0
A9: 2026-09-24_Night | B9: 5000 | C9: 55000 | D9: =B9-C9 -> -50000 | E9: 100 | F9: =E9/10 -> 10
A10: 2026-09-25_Night | B10: 0 | C10: 0 | D10: =B10-C10 -> 0 | E10: 0 | F10: =E10/10 -> 0
A11: 2026-09-28_Night | B11: 0 | C11: 0 | D11: =B11-C11 -> 0 | E11: 10 | F11: =E11/10 -> 1
A12: 2026-09-29_Night | B12: 0 | C12: 0 | D12: =B12-C12 -> 0 | E12: 0 | F12: =E12/10 -> 0
A13: 2026-09-30_Night | B13: 15000 | C13: 60000 | D13: =B13-C13 -> -45000 | E13: 150 | F13: =E13/10 -> 15
A14: 2026-10-01_Night | B14: 34000 | C14: 0 | D14: =B14-C14 -> 34000 | E14: 220 | F14: =E14/10 -> 22
A15: 2026-10-02_Night | B15: 0 | C15: 0 | D15: =B15-C15 -> 0 | E15: 0 | F15: =E15/10 -> 0
A16: 2026-10-05_Night | B16: 15000 | C16: 0 | D16: =B16-C16 -> 15000 | E16: 50 | F16: =E16/10 -> 5
A17: 2026-10-06_Night | B17: 0 | C17: 0 | D17: =B17-C17 -> 0 | E17: 0 | F17: =E17/10 -> 0
... A32: 2026-10-27_Night | B32: 0 | C32: 60000 | D32: =B32-C32 -> -60000 | E32: 50 | F32: =E32/10 -> 5
A33: 合計 | B33: =SUM(B6:B32) -> 175000 | C33: =SUM(C6:C32) -> 198000 | D33: =B33-C33 -> -23000 | E33: =SUM(E6:E32) -> 1380 | F33: =E33/10 -> 138

Sheet 日経_U165_03
A2: NK225_U165_03 米国後の損益
A3: 現行の保存済み通知を同じ次正常板で再現する比較元
A4: 損失は正額。新規枚数は延べ約定枚数。mini換算はmicro÷10で、実miniの整数発注結果ではありません。
A5: セッション | B5: 利益（円） | C5: 損失（円） | D5: 収支（円） | E5: 新規枚数（micro） | F5: 新規枚数（mini換算）
A6: 2026-09-21_Night | B6: 0 | C6: 45000 | D6: =B6-C6 -> -45000 | E6: 50 | F6: =E6/10 -> 5
A7: 2026-09-22_Night | B7: 32000 | C7: 8000 | D7: =B7-C7 -> 24000 | E7: 50 | F7: =E7/10 -> 5
A8: 2026-09-23_Night | B8: 5000 | C8: 41000 | D8: =B8-C8 -> -36000 | E8: 70 | F8: =E8/10 -> 7
A9: 2026-09-24_Night | B9: 20000 | C9: 0 | D9: =B9-C9 -> 20000 | E9: 20 | F9: =E9/10 -> 2
A10: 2026-09-25_Night | B10: 17000 | C10: 16000 | D10: =B10-C10 -> 1000 | E10: 60 | F10: =E10/10 -> 6
A11: 2026-09-28_Night | B11: 10000 | C11: 42000 | D11: =B11-C11 -> -32000 | E11: 60 | F11: =E11/10 -> 6
A12: 2026-09-29_Night | B12: 82000 | C12: 27000 | D12: =B12-C12 -> 55000 | E12: 140 | F12: =E12/10 -> 14
A13: 2026-09-30_Night | B13: 49000 | C13: 6000 | D13: =B13-C13 -> 43000 | E13: 70 | F13: =E13/10 -> 7
A14: 2026-10-01_Night | B14: 190000 | C14: 54000 | D14: =B14-C14 -> 136000 | E14: 120 | F14: =E14/10 -> 12
A15: 2026-10-02_Night | B15: 313000 | C15: 57000 | D15: =B15-C15 -> 256000 | E15: 280 | F15: =E15/10 -> 28
A16: 2026-10-05_Night | B16: 98000 | C16: 64000 | D16: =B16-C16 -> 34000 | E16: 140 | F16: =E16/10 -> 14
A17: 2026-10-06_Night | B17: 33000 | C17: 35000 | D17: =B17-C17 -> -2000 | E17: 70 | F17: =E17/10 -> 7
... A32: 2026-10-27_Night | B32: 8000 | C32: 0 | D32: =B32-C32 -> 8000 | E32: 20 | F32: =E32/10 -> 2
A33: 合計 | B33: =SUM(B6:B32) -> 2280000 | C33: =SUM(C6:C32) -> 1099000 | D33: =B33-C33 -> 1181000 | E33: =SUM(E6:E32) -> 2810 | F33: =E33/10 -> 281

Sheet 日経_U168C_01
A2: NK225_U168C_01 米国後の損益
A3: 全玉20円から10円利益床・赤字返済240円猶予
A4: 損失は正額。新規枚数は延べ約定枚数。mini換算はmicro÷10で、実miniの整数発注結果ではありません。
A5: セッション | B5: 利益（円） | C5: 損失（円） | D5: 収支（円） | E5: 新規枚数（micro） | F5: 新規枚数（mini換算）
A6: 2026-09-21_Night | B6: 5000 | C6: 0 | D6: =B6-C6 -> 5000 | E6: 50 | F6: =E6/10 -> 5
A7: 2026-09-22_Night | B7: 10000 | C7: 0 | D7: =B7-C7 -> 10000 | E7: 50 | F7: =E7/10 -> 5
A8: 2026-09-23_Night | B8: 8000 | C8: 0 | D8: =B8-C8 -> 8000 | E8: 70 | F8: =E8/10 -> 7
A9: 2026-09-24_Night | B9: 2000 | C9: 0 | D9: =B9-C9 -> 2000 | E9: 20 | F9: =E9/10 -> 2
A10: 2026-09-25_Night | B10: 6000 | C10: 0 | D10: =B10-C10 -> 6000 | E10: 60 | F10: =E10/10 -> 6
A11: 2026-09-28_Night | B11: 3000 | C11: 72000 | D11: =B11-C11 -> -69000 | E11: 60 | F11: =E11/10 -> 6
A12: 2026-09-29_Night | B12: 14000 | C12: 23000 | D12: =B12-C12 -> -9000 | E12: 140 | F12: =E12/10 -> 14
A13: 2026-09-30_Night | B13: 12000 | C13: 0 | D13: =B13-C13 -> 12000 | E13: 70 | F13: =E13/10 -> 7
A14: 2026-10-01_Night | B14: 58000 | C14: 24000 | D14: =B14-C14 -> 34000 | E14: 120 | F14: =E14/10 -> 12
A15: 2026-10-02_Night | B15: 50000 | C15: 0 | D15: =B15-C15 -> 50000 | E15: 280 | F15: =E15/10 -> 28
A16: 2026-10-05_Night | B16: 14000 | C16: 0 | D16: =B16-C16 -> 14000 | E16: 140 | F16: =E16/10 -> 14
A17: 2026-10-06_Night | B17: 8000 | C17: 0 | D17: =B17-C17 -> 8000 | E17: 70 | F17: =E17/10 -> 7
... A32: 2026-10-27_Night | B32: 3000 | C32: 0 | D32: =B32-C32 -> 3000 | E32: 20 | F32: =E32/10 -> 2
A33: 合計 | B33: =SUM(B6:B32) -> 514000 | C33: =SUM(C6:C32) -> 292000 | D33: =B33-C33 -> 222000 | E33: =SUM(E6:E32) -> 2810 | F33: =E33/10 -> 281

Sheet 日経_U168C_02
A2: NK225_U168C_02 米国後の損益
A3: 全玉20円から利益50%床・赤字返済240円猶予
A4: 損失は正額。新規枚数は延べ約定枚数。mini換算はmicro÷10で、実miniの整数発注結果ではありません。
A5: セッション | B5: 利益（円） | C5: 損失（円） | D5: 収支（円） | E5: 新規枚数（micro） | F5: 新規枚数（mini換算）
A6: 2026-09-21_Night | B6: 5000 | C6: 0 | D6: =B6-C6 -> 5000 | E6: 50 | F6: =E6/10 -> 5
A7: 2026-09-22_Night | B7: 10000 | C7: 0 | D7: =B7-C7 -> 10000 | E7: 50 | F7: =E7/10 -> 5
A8: 2026-09-23_Night | B8: 14000 | C8: 0 | D8: =B8-C8 -> 14000 | E8: 70 | F8: =E8/10 -> 7
A9: 2026-09-24_Night | B9: 2000 | C9: 0 | D9: =B9-C9 -> 2000 | E9: 20 | F9: =E9/10 -> 2
A10: 2026-09-25_Night | B10: 9000 | C10: 0 | D10: =B10-C10 -> 9000 | E10: 60 | F10: =E10/10 -> 6
A11: 2026-09-28_Night | B11: 3000 | C11: 72000 | D11: =B11-C11 -> -69000 | E11: 60 | F11: =E11/10 -> 6
A12: 2026-09-29_Night | B12: 15000 | C12: 23000 | D12: =B12-C12 -> -8000 | E12: 140 | F12: =E12/10 -> 14
A13: 2026-09-30_Night | B13: 12000 | C13: 0 | D13: =B13-C13 -> 12000 | E13: 70 | F13: =E13/10 -> 7
A14: 2026-10-01_Night | B14: 68000 | C14: 24000 | D14: =B14-C14 -> 44000 | E14: 120 | F14: =E14/10 -> 12
A15: 2026-10-02_Night | B15: 54000 | C15: 0 | D15: =B15-C15 -> 54000 | E15: 280 | F15: =E15/10 -> 28
A16: 2026-10-05_Night | B16: 14000 | C16: 0 | D16: =B16-C16 -> 14000 | E16: 140 | F16: =E16/10 -> 14
A17: 2026-10-06_Night | B17: 8000 | C17: 0 | D17: =B17-C17 -> 8000 | E17: 70 | F17: =E17/10 -> 7
... A32: 2026-10-27_Night | B32: 3000 | C32: 0 | D32: =B32-C32 -> 3000 | E32: 20 | F32: =E32/10 -> 2
A33: 合計 | B33: =SUM(B6:B32) -> 491000 | C33: =SUM(C6:C32) -> 292000 | D33: =B33-C33 -> 199000 | E33: =SUM(E6:E32) -> 2810 | F33: =E33/10 -> 281

Sheet 日経_U168C_03
A2: NK225_U168C_03 米国後の損益
A3: 全玉8割20円回収・残り10円床・赤字240円猶予
A4: 損失は正額。新規枚数は延べ約定枚数。mini換算はmicro÷10で、実miniの整数発注結果ではありません。
A5: セッション | B5: 利益（円） | C5: 損失（円） | D5: 収支（円） | E5: 新規枚数（micro） | F5: 新規枚数（mini換算）
A6: 2026-09-21_Night | B6: 5000 | C6: 0 | D6: =B6-C6 -> 5000 | E6: 50 | F6: =E6/10 -> 5
A7: 2026-09-22_Night | B7: 10000 | C7: 0 | D7: =B7-C7 -> 10000 | E7: 50 | F7: =E7/10 -> 5
A8: 2026-09-23_Night | B8: 15200 | C8: 0 | D8: =B8-C8 -> 15200 | E8: 70 | F8: =E8/10 -> 7
A9: 2026-09-24_Night | B9: 3600 | C9: 0 | D9: =B9-C9 -> 3600 | E9: 20 | F9: =E9/10 -> 2
A10: 2026-09-25_Night | B10: 10800 | C10: 0 | D10: =B10-C10 -> 10800 | E10: 60 | F10: =E10/10 -> 6
A11: 2026-09-28_Night | B11: 5400 | C11: 72000 | D11: =B11-C11 -> -66600 | E11: 60 | F11: =E11/10 -> 6
A12: 2026-09-29_Night | B12: 18800 | C12: 23000 | D12: =B12-C12 -> -4200 | E12: 140 | F12: =E12/10 -> 14
A13: 2026-09-30_Night | B13: 13600 | C13: 0 | D13: =B13-C13 -> 13600 | E13: 70 | F13: =E13/10 -> 7
A14: 2026-10-01_Night | B14: 29200 | C14: 24000 | D14: =B14-C14 -> 5200 | E14: 120 | F14: =E14/10 -> 12
A15: 2026-10-02_Night | B15: 52400 | C15: 0 | D15: =B15-C15 -> 52400 | E15: 280 | F15: =E15/10 -> 28
A16: 2026-10-05_Night | B16: 26800 | C16: 0 | D16: =B16-C16 -> 26800 | E16: 140 | F16: =E16/10 -> 14
A17: 2026-10-06_Night | B17: 12800 | C17: 0 | D17: =B17-C17 -> 12800 | E17: 70 | F17: =E17/10 -> 7
... A32: 2026-10-27_Night | B32: 3800 | C32: 0 | D32: =B32-C32 -> 3800 | E32: 20 | F32: =E32/10 -> 2
A33: 合計 | B33: =SUM(B6:B32) -> 510000 | C33: =SUM(C6:C32) -> 292000 | D33: =B33-C33 -> 218000 | E33: =SUM(E6:E32) -> 2810 | F33: =E33/10 -> 281

Sheet 日経_U168C_04
A2: NK225_U168C_04 米国後の損益
A3: 全玉20円から10円利益床・赤字返済120円猶予
A4: 損失は正額。新規枚数は延べ約定枚数。mini換算はmicro÷10で、実miniの整数発注結果ではありません。
A5: セッション | B5: 利益（円） | C5: 損失（円） | D5: 収支（円） | E5: 新規枚数（micro） | F5: 新規枚数（mini換算）
A6: 2026-09-21_Night | B6: 5000 | C6: 0 | D6: =B6-C6 -> 5000 | E6: 50 | F6: =E6/10 -> 5
A7: 2026-09-22_Night | B7: 10000 | C7: 0 | D7: =B7-C7 -> 10000 | E7: 50 | F7: =E7/10 -> 5
A8: 2026-09-23_Night | B8: 8000 | C8: 0 | D8: =B8-C8 -> 8000 | E8: 70 | F8: =E8/10 -> 7
A9: 2026-09-24_Night | B9: 2000 | C9: 0 | D9: =B9-C9 -> 2000 | E9: 20 | F9: =E9/10 -> 2
A10: 2026-09-25_Night | B10: 6000 | C10: 0 | D10: =B10-C10 -> 6000 | E10: 60 | F10: =E10/10 -> 6
A11: 2026-09-28_Night | B11: 2000 | C11: 47000 | D11: =B11-C11 -> -45000 | E11: 60 | F11: =E11/10 -> 6
A12: 2026-09-29_Night | B12: 14000 | C12: 12000 | D12: =B12-C12 -> 2000 | E12: 140 | F12: =E12/10 -> 14
A13: 2026-09-30_Night | B13: 12000 | C13: 0 | D13: =B13-C13 -> 12000 | E13: 70 | F13: =E13/10 -> 7
A14: 2026-10-01_Night | B14: 56000 | C14: 34000 | D14: =B14-C14 -> 22000 | E14: 120 | F14: =E14/10 -> 12
A15: 2026-10-02_Night | B15: 48000 | C15: 24000 | D15: =B15-C15 -> 24000 | E15: 280 | F15: =E15/10 -> 28
A16: 2026-10-05_Night | B16: 13000 | C16: 12000 | D16: =B16-C16 -> 1000 | E16: 140 | F16: =E16/10 -> 14
A17: 2026-10-06_Night | B17: 8000 | C17: 0 | D17: =B17-C17 -> 8000 | E17: 70 | F17: =E17/10 -> 7
... A32: 2026-10-27_Night | B32: 3000 | C32: 0 | D32: =B32-C32 -> 3000 | E32: 20 | F32: =E32/10 -> 2
A33: 合計 | B33: =SUM(B6:B32) -> 495000 | C33: =SUM(C6:C32) -> 342000 | D33: =B33-C33 -> 153000 | E33: =SUM(E6:E32) -> 2810 | F33: =E33/10 -> 281
